clip_id,frame_index,method,output_status,wrong_part,box_quality,reason
commons-black-cat-walking,7,tail_grounded_v1+dense,correct,,usable,dense box on the tail; IoU with reference low because the reference box spans body+tail
commons-black-cat-walking,18,tail_grounded_v1+dense,correct,,usable,dense box on the tail; different extent from reference
commons-black-cat-walking,20,tail_grounded_v1+dense,correct,,usable,dense box on the tail base; reference is the same region at a different extent
commons-black-cat-walking,21,tail_grounded_v1+dense,correct,,usable,dense box on the tail tip; reference spans the full tail
commons-black-cat-walking,32,tail_grounded_v1+dense,correct,,partial,dense box on the tail tip
commons-cat-plays,19,tail_grounded_v1+dense,correct,,partial,dense box on the tail tip; reference spans the curl
commons-black-cat-walking,7,v1_time_normalised+dense,correct,,usable,as tail_grounded_v1+dense
commons-black-cat-walking,18,v1_time_normalised+dense,correct,,usable,as tail_grounded_v1+dense
commons-black-cat-walking,20,v1_time_normalised+dense,correct,,usable,as tail_grounded_v1+dense
commons-black-cat-walking,21,v1_time_normalised+dense,correct,,usable,as tail_grounded_v1+dense
commons-cat-plays,19,v1_time_normalised+dense,correct,,partial,as tail_grounded_v1+dense
commons-cat-plays,4,tail_grounded_v2,correct,,partial,propagated mask lies on the tail (checked on the overlay 2026-09-14); curve bbox smaller than reference
commons-cat-jumping-backwards,6,tail_grounded_v2,correct,,partial,propagated mask lies on the tuxedo tail (checked 2026-09-14)
commons-cat-plays,6,tail_grounded_v1,wrong_part,paw,unusable,white hind paw
commons-cat-plays,6,tail_grounded,wrong_part,paw,unusable,white hind paw
commons-cat-plays,6,tail_grounded_v2,wrong_part,paw,unusable,white hind paw
commons-black-cat-walking,0,tail_grounded_v1,wrong_part,torso,unusable,tail hidden behind the frontal body; box on the back
commons-black-cat-walking,0,tail_grounded_v2,wrong_part,torso,unusable,as v1
commons-black-cat-walking,0,tail_grounded,wrong_part,ear,unusable,v0 grounded the ear (found 2026-09-20)
commons-cat-plays,4,v2b_left,correct,,partial,as tail_grounded_v2 (reach-1 propagated mask on the tail)
commons-cat-jumping-backwards,6,v2b_left,correct,,partial,as tail_grounded_v2
commons-black-cat-walking,32,v2b_left,correct,,partial,bidirectional mask on the tail tip above the back (checked 2026-09-20)
commons-black-cat-walking,0,v2b_left,wrong_part,torso,unusable,as v1
commons-cat-plays,6,v2b_left,wrong_part,paw,unusable,white hind paw
commons-cat-plays,4,v2b_right,correct,,partial,as tail_grounded_v2 (reach-1 propagated mask on the tail)
commons-cat-jumping-backwards,6,v2b_right,correct,,partial,as tail_grounded_v2
commons-black-cat-walking,32,v2b_right,correct,,partial,bidirectional mask on the tail tip above the back (checked 2026-09-20)
commons-black-cat-walking,0,v2b_right,wrong_part,torso,unusable,as v1
commons-cat-plays,6,v2b_right,wrong_part,paw,unusable,white hind paw
commons-cat-plays,4,v2b_intersection,correct,,partial,as tail_grounded_v2 (reach-1 propagated mask on the tail)
commons-cat-jumping-backwards,6,v2b_intersection,correct,,partial,as tail_grounded_v2
commons-black-cat-walking,32,v2b_intersection,correct,,partial,bidirectional mask on the tail tip above the back (checked 2026-09-20)
commons-black-cat-walking,0,v2b_intersection,wrong_part,torso,unusable,as v1
commons-cat-plays,6,v2b_intersection,wrong_part,paw,unusable,white hind paw
commons-cat-plays,4,v2b_union,correct,,partial,as tail_grounded_v2 (reach-1 propagated mask on the tail)
commons-cat-jumping-backwards,6,v2b_union,correct,,partial,as tail_grounded_v2
commons-black-cat-walking,32,v2b_union,correct,,partial,bidirectional mask on the tail tip above the back (checked 2026-09-20)
commons-black-cat-walking,0,v2b_union,wrong_part,torso,unusable,as v1
commons-cat-plays,6,v2b_union,wrong_part,paw,unusable,white hind paw
commons-cat-plays,4,tail_grounded_v3,correct,,partial,as tail_grounded_v2
commons-cat-jumping-backwards,6,tail_grounded_v3,correct,,partial,as tail_grounded_v2
commons-black-cat-walking,32,tail_grounded_v3,correct,,partial,as v2b_intersection
commons-black-cat-walking,0,tail_grounded_v3,wrong_part,torso,unusable,as v1
commons-cat-plays,6,tail_grounded_v3,wrong_part,paw,unusable,white hind paw
commons-cat-plays,4,tail_grounded_v4,correct,,partial,same mask as tail_grounded_v2 (one-sided from f005; checked on the v4 overlay 2026-09-20)
commons-black-cat-walking,32,tail_grounded_v4,correct,,partial,same intersection mask as v2b_intersection
commons-black-cat-walking,0,tail_grounded_v4,wrong_part,torso,unusable,as v1
commons-cat-plays,6,tail_grounded_v4,wrong_part,paw,unusable,white hind paw
commons-cat-jumping-backwards,2,tail_grounded_v4,correct,,usable,tracked mask lies on the tabby tail (checked on the v4 overlay 2026-09-20); curve-extent box contains 0.796 of the reference just under the 0.8 rule
commons-cat-plays,0,tail_grounded_v4,wrong_part,hind_leg,unusable,tracked mask on the black hind leg ending in the white paw (checked 2026-09-20)
commons-cat-plays,1,tail_grounded_v4,wrong_part,hind_leg,unusable,as f000
commons-cat-plays,2,tail_grounded_v4,wrong_part,hind_leg,unusable,as f000
commons-cat-plays,3,tail_grounded_v4,wrong_part,hind_leg,unusable,as f000
commons-cat-plays,15,tail_grounded_v4,wrong_part,hind_leg,unusable,tracked mask on a leg (checked 2026-09-20)
commons-cat-plays,16,tail_grounded_v4,wrong_part,hind_leg,unusable,as f015
commons-cat-plays,17,tail_grounded_v4,wrong_part,hind_leg,unusable,as f015
commons-cat-plays,18,tail_grounded_v4,wrong_part,hind_leg,unusable,as f015
commons-cat-plays,4,tail_grounded_v3a,correct,,partial,as tail_grounded_v3 (frame untouched by the audit)
commons-black-cat-walking,32,tail_grounded_v3a,correct,,partial,as tail_grounded_v3 (frame untouched by the audit)
commons-black-cat-walking,0,tail_grounded_v3a,wrong_part,torso,unusable,as v1 (no left anchor; audit cannot form)
commons-cat-plays,6,tail_grounded_v3a,wrong_part,other,unusable,consensus replaced the paw mask with a small blob near the raised hind leg; tail is under the body (checked 2026-09-20)
commons-black-cat-walking,6,tail_grounded_v1,wrong_part,torso,unusable,box is the whole cat with the tail tip at its top edge (found by the pass-9 audit)
commons-black-cat-walking,7,tail_grounded_v1,wrong_part,torso,unusable,as f006
commons-black-cat-walking,6,tail_grounded_v3,wrong_part,torso,unusable,as v1
commons-black-cat-walking,7,tail_grounded_v3,wrong_part,torso,unusable,as v1
commons-black-cat-walking,7,tail_grounded,wrong_part,torso,unusable,as v1
holdout-cat-playing-taiwan,23,tail_grounded_v1+holdout,wrong_part,torso,unusable,detector labels the orange rump patch a tail (checked on overlays 2026-09-20 after the holdout truth was frozen)
holdout-cat-playing-taiwan,24,tail_grounded_v1+holdout,wrong_part,torso,unusable,detector labels the orange rump patch a tail (checked on overlays 2026-09-20 after the holdout truth was frozen)
holdout-cat-playing-taiwan,25,tail_grounded_v1+holdout,wrong_part,torso,unusable,detector labels the orange rump patch a tail (checked on overlays 2026-09-20 after the holdout truth was frozen)
holdout-cat-playing-taiwan,26,tail_grounded_v1+holdout,wrong_part,torso,unusable,detector labels the orange rump patch a tail (checked on overlays 2026-09-20 after the holdout truth was frozen)
holdout-cat-playing-taiwan,27,tail_grounded_v1+holdout,wrong_part,torso,unusable,detector labels the orange rump patch a tail (checked on overlays 2026-09-20 after the holdout truth was frozen)
holdout-cat-playing-taiwan,28,tail_grounded_v1+holdout,wrong_part,torso,unusable,detector labels the orange rump patch a tail (checked on overlays 2026-09-20 after the holdout truth was frozen)
holdout-cat-playing-taiwan,29,tail_grounded_v1+holdout,wrong_part,torso,unusable,detector labels the orange rump patch a tail (checked on overlays 2026-09-20 after the holdout truth was frozen)
holdout-cat-playing-taiwan,30,tail_grounded_v1+holdout,wrong_part,torso,unusable,detector labels the orange rump patch a tail (checked on overlays 2026-09-20 after the holdout truth was frozen)
holdout-cat-playing-taiwan,31,tail_grounded_v1+holdout,wrong_part,torso,unusable,detector labels the orange rump patch a tail (checked on overlays 2026-09-20 after the holdout truth was frozen)
holdout-cat-playing-taiwan,32,tail_grounded_v1+holdout,wrong_part,torso,unusable,detector labels the orange rump patch a tail (checked on overlays 2026-09-20 after the holdout truth was frozen)
holdout-cat-playing-taiwan,33,tail_grounded_v1+holdout,wrong_part,torso,unusable,detector labels the orange rump patch a tail (checked on overlays 2026-09-20 after the holdout truth was frozen)
holdout-cat-playing-taiwan,34,tail_grounded_v1+holdout,wrong_part,torso,unusable,detector labels the orange rump patch a tail (checked on overlays 2026-09-20 after the holdout truth was frozen)
holdout-cat-playing-taiwan,35,tail_grounded_v1+holdout,wrong_part,torso,unusable,detector labels the orange rump patch a tail (checked on overlays 2026-09-20 after the holdout truth was frozen)
holdout-cat-playing-taiwan,36,tail_grounded_v1+holdout,wrong_part,torso,unusable,detector labels the orange rump patch a tail (checked on overlays 2026-09-20 after the holdout truth was frozen)
holdout-cat-playing-taiwan,37,tail_grounded_v1+holdout,wrong_part,torso,unusable,detector labels the orange rump patch a tail (checked on overlays 2026-09-20 after the holdout truth was frozen)
holdout-cat-playing-taiwan,38,tail_grounded_v1+holdout,wrong_part,torso,unusable,detector labels the orange rump patch a tail (checked on overlays 2026-09-20 after the holdout truth was frozen)
holdout-cat-playing-taiwan,39,tail_grounded_v1+holdout,wrong_part,torso,unusable,detector labels the orange rump patch a tail (checked on overlays 2026-09-20 after the holdout truth was frozen)
holdout-cat-playing-taiwan,23,tail_grounded_v3+holdout,wrong_part,torso,unusable,detector labels the orange rump patch a tail (checked on overlays 2026-09-20 after the holdout truth was frozen)
holdout-cat-playing-taiwan,24,tail_grounded_v3+holdout,wrong_part,torso,unusable,detector labels the orange rump patch a tail (checked on overlays 2026-09-20 after the holdout truth was frozen)
holdout-cat-playing-taiwan,25,tail_grounded_v3+holdout,wrong_part,torso,unusable,detector labels the orange rump patch a tail (checked on overlays 2026-09-20 after the holdout truth was frozen)
holdout-cat-playing-taiwan,26,tail_grounded_v3+holdout,wrong_part,torso,unusable,detector labels the orange rump patch a tail (checked on overlays 2026-09-20 after the holdout truth was frozen)
holdout-cat-playing-taiwan,27,tail_grounded_v3+holdout,wrong_part,torso,unusable,detector labels the orange rump patch a tail (checked on overlays 2026-09-20 after the holdout truth was frozen)
holdout-cat-playing-taiwan,28,tail_grounded_v3+holdout,wrong_part,torso,unusable,detector labels the orange rump patch a tail (checked on overlays 2026-09-20 after the holdout truth was frozen)
holdout-cat-playing-taiwan,29,tail_grounded_v3+holdout,wrong_part,torso,unusable,detector labels the orange rump patch a tail (checked on overlays 2026-09-20 after the holdout truth was frozen)
holdout-cat-playing-taiwan,30,tail_grounded_v3+holdout,wrong_part,torso,unusable,detector labels the orange rump patch a tail (checked on overlays 2026-09-20 after the holdout truth was frozen)
holdout-cat-playing-taiwan,31,tail_grounded_v3+holdout,wrong_part,torso,unusable,detector labels the orange rump patch a tail (checked on overlays 2026-09-20 after the holdout truth was frozen)
holdout-cat-playing-taiwan,32,tail_grounded_v3+holdout,wrong_part,torso,unusable,detector labels the orange rump patch a tail (checked on overlays 2026-09-20 after the holdout truth was frozen)
holdout-cat-playing-taiwan,33,tail_grounded_v3+holdout,wrong_part,torso,unusable,detector labels the orange rump patch a tail (checked on overlays 2026-09-20 after the holdout truth was frozen)
holdout-cat-playing-taiwan,34,tail_grounded_v3+holdout,wrong_part,torso,unusable,detector labels the orange rump patch a tail (checked on overlays 2026-09-20 after the holdout truth was frozen)
holdout-cat-playing-taiwan,35,tail_grounded_v3+holdout,wrong_part,torso,unusable,detector labels the orange rump patch a tail (checked on overlays 2026-09-20 after the holdout truth was frozen)
holdout-cat-playing-taiwan,36,tail_grounded_v3+holdout,wrong_part,torso,unusable,detector labels the orange rump patch a tail (checked on overlays 2026-09-20 after the holdout truth was frozen)
holdout-cat-playing-taiwan,37,tail_grounded_v3+holdout,wrong_part,torso,unusable,detector labels the orange rump patch a tail (checked on overlays 2026-09-20 after the holdout truth was frozen)
holdout-cat-playing-taiwan,38,tail_grounded_v3+holdout,wrong_part,torso,unusable,detector labels the orange rump patch a tail (checked on overlays 2026-09-20 after the holdout truth was frozen)
holdout-cat-playing-taiwan,39,tail_grounded_v3+holdout,wrong_part,torso,unusable,detector labels the orange rump patch a tail (checked on overlays 2026-09-20 after the holdout truth was frozen)
holdout-cat-playing-taiwan,22,tail_grounded_v3+holdout,wrong_part,torso,unusable,reach-1 propagation from the f023 rump mask; the real tail rises at right
holdout-cat-playing-taiwan,23,tail_grounded_v3a+holdout,wrong_part,torso,unusable,detector labels the orange rump patch a tail (checked on overlays 2026-09-20 after the holdout truth was frozen)
holdout-cat-playing-taiwan,24,tail_grounded_v3a+holdout,wrong_part,torso,unusable,detector labels the orange rump patch a tail (checked on overlays 2026-09-20 after the holdout truth was frozen)
holdout-cat-playing-taiwan,25,tail_grounded_v3a+holdout,wrong_part,torso,unusable,detector labels the orange rump patch a tail (checked on overlays 2026-09-20 after the holdout truth was frozen)
holdout-cat-playing-taiwan,26,tail_grounded_v3a+holdout,wrong_part,torso,unusable,detector labels the orange rump patch a tail (checked on overlays 2026-09-20 after the holdout truth was frozen)
holdout-cat-playing-taiwan,27,tail_grounded_v3a+holdout,wrong_part,torso,unusable,detector labels the orange rump patch a tail (checked on overlays 2026-09-20 after the holdout truth was frozen)
holdout-cat-playing-taiwan,28,tail_grounded_v3a+holdout,wrong_part,torso,unusable,detector labels the orange rump patch a tail (checked on overlays 2026-09-20 after the holdout truth was frozen)
holdout-cat-playing-taiwan,29,tail_grounded_v3a+holdout,wrong_part,torso,unusable,detector labels the orange rump patch a tail (checked on overlays 2026-09-20 after the holdout truth was frozen)
holdout-cat-playing-taiwan,30,tail_grounded_v3a+holdout,wrong_part,torso,unusable,detector labels the orange rump patch a tail (checked on overlays 2026-09-20 after the holdout truth was frozen)
holdout-cat-playing-taiwan,31,tail_grounded_v3a+holdout,wrong_part,torso,unusable,detector labels the orange rump patch a tail (checked on overlays 2026-09-20 after the holdout truth was frozen)
holdout-cat-playing-taiwan,32,tail_grounded_v3a+holdout,wrong_part,torso,unusable,detector labels the orange rump patch a tail (checked on overlays 2026-09-20 after the holdout truth was frozen)
holdout-cat-playing-taiwan,33,tail_grounded_v3a+holdout,wrong_part,torso,unusable,detector labels the orange rump patch a tail (checked on overlays 2026-09-20 after the holdout truth was frozen)
holdout-cat-playing-taiwan,34,tail_grounded_v3a+holdout,wrong_part,torso,unusable,detector labels the orange rump patch a tail (checked on overlays 2026-09-20 after the holdout truth was frozen)
holdout-cat-playing-taiwan,35,tail_grounded_v3a+holdout,wrong_part,torso,unusable,detector labels the orange rump patch a tail (checked on overlays 2026-09-20 after the holdout truth was frozen)
holdout-cat-playing-taiwan,36,tail_grounded_v3a+holdout,wrong_part,torso,unusable,detector labels the orange rump patch a tail (checked on overlays 2026-09-20 after the holdout truth was frozen)
holdout-cat-playing-taiwan,37,tail_grounded_v3a+holdout,wrong_part,torso,unusable,detector labels the orange rump patch a tail (checked on overlays 2026-09-20 after the holdout truth was frozen)
holdout-cat-playing-taiwan,38,tail_grounded_v3a+holdout,wrong_part,torso,unusable,detector labels the orange rump patch a tail (checked on overlays 2026-09-20 after the holdout truth was frozen)
holdout-cat-playing-taiwan,39,tail_grounded_v3a+holdout,wrong_part,torso,unusable,detector labels the orange rump patch a tail (checked on overlays 2026-09-20 after the holdout truth was frozen)
holdout-cat-playing-taiwan,22,tail_grounded_v3a+holdout,wrong_part,torso,unusable,reach-1 propagation from the f023 rump mask; the real tail rises at right
holdout2-katten-naar-buiten,0,tail_grounded_v1+holdout2,correct,,usable,"mask on the upright ginger tail; the blind reference box was placed 200-400 px too far right on the 4K frame (checked on overlays after the freeze, 2026-09-20)"
holdout2-katten-naar-buiten,8,tail_grounded_v1+holdout2,correct,,usable,"mask on the upright ginger tail; the blind reference box was placed 200-400 px too far right on the 4K frame (checked on overlays after the freeze, 2026-09-20)"
holdout2-katten-naar-buiten,9,tail_grounded_v1+holdout2,correct,,usable,"mask on the upright ginger tail; the blind reference box was placed 200-400 px too far right on the 4K frame (checked on overlays after the freeze, 2026-09-20)"
holdout2-katten-naar-buiten,10,tail_grounded_v1+holdout2,correct,,usable,"mask on the upright ginger tail; the blind reference box was placed 200-400 px too far right on the 4K frame (checked on overlays after the freeze, 2026-09-20)"
holdout2-katten-naar-buiten,11,tail_grounded_v1+holdout2,correct,,usable,"mask on the upright ginger tail; the blind reference box was placed 200-400 px too far right on the 4K frame (checked on overlays after the freeze, 2026-09-20)"
holdout2-katten-naar-buiten,12,tail_grounded_v1+holdout2,correct,,usable,"mask on the upright ginger tail; the blind reference box was placed 200-400 px too far right on the 4K frame (checked on overlays after the freeze, 2026-09-20)"
holdout2-katten-naar-buiten,13,tail_grounded_v1+holdout2,correct,,usable,"mask on the upright ginger tail; the blind reference box was placed 200-400 px too far right on the 4K frame (checked on overlays after the freeze, 2026-09-20)"
holdout2-katten-naar-buiten,14,tail_grounded_v1+holdout2,correct,,usable,"mask on the upright ginger tail; the blind reference box was placed 200-400 px too far right on the 4K frame (checked on overlays after the freeze, 2026-09-20)"
holdout2-katten-naar-buiten,15,tail_grounded_v1+holdout2,correct,,usable,"mask on the upright ginger tail; the blind reference box was placed 200-400 px too far right on the 4K frame (checked on overlays after the freeze, 2026-09-20)"
holdout2-katten-naar-buiten,16,tail_grounded_v1+holdout2,correct,,usable,"mask on the upright ginger tail; the blind reference box was placed 200-400 px too far right on the 4K frame (checked on overlays after the freeze, 2026-09-20)"
holdout2-katten-naar-buiten,17,tail_grounded_v1+holdout2,correct,,usable,"mask on the upright ginger tail; the blind reference box was placed 200-400 px too far right on the 4K frame (checked on overlays after the freeze, 2026-09-20)"
holdout2-katten-naar-buiten,18,tail_grounded_v1+holdout2,correct,,usable,"mask on the upright ginger tail; the blind reference box was placed 200-400 px too far right on the 4K frame (checked on overlays after the freeze, 2026-09-20)"
holdout2-katten-naar-buiten,19,tail_grounded_v1+holdout2,correct,,usable,"mask on the upright ginger tail; the blind reference box was placed 200-400 px too far right on the 4K frame (checked on overlays after the freeze, 2026-09-20)"
holdout2-katten-naar-buiten,20,tail_grounded_v1+holdout2,correct,,usable,"mask on the upright ginger tail; the blind reference box was placed 200-400 px too far right on the 4K frame (checked on overlays after the freeze, 2026-09-20)"
holdout2-katten-naar-buiten,21,tail_grounded_v1+holdout2,correct,,usable,"mask on the upright ginger tail; the blind reference box was placed 200-400 px too far right on the 4K frame (checked on overlays after the freeze, 2026-09-20)"
holdout2-katten-naar-buiten,22,tail_grounded_v1+holdout2,correct,,usable,"mask on the upright ginger tail; the blind reference box was placed 200-400 px too far right on the 4K frame (checked on overlays after the freeze, 2026-09-20)"
holdout2-katten-naar-buiten,23,tail_grounded_v1+holdout2,correct,,usable,"mask on the upright ginger tail; the blind reference box was placed 200-400 px too far right on the 4K frame (checked on overlays after the freeze, 2026-09-20)"
holdout2-katten-naar-buiten,24,tail_grounded_v1+holdout2,correct,,usable,"mask on the upright ginger tail; the blind reference box was placed 200-400 px too far right on the 4K frame (checked on overlays after the freeze, 2026-09-20)"
holdout2-katten-naar-buiten,35,tail_grounded_v1+holdout2,wrong_part,torso,unusable,mask covers the tabby's whole body on the dog
holdout2-katten-naar-buiten,36,tail_grounded_v1+holdout2,wrong_part,torso,unusable,mask covers the tabby's whole body on the dog
holdout2-katten-naar-buiten,37,tail_grounded_v1+holdout2,wrong_part,torso,unusable,mask covers the tabby's whole body on the dog
holdout2-katten-naar-buiten,38,tail_grounded_v1+holdout2,wrong_part,torso,unusable,mask covers the tabby's whole body on the dog
holdout2-katten-naar-buiten,39,tail_grounded_v1+holdout2,wrong_part,torso,unusable,mask covers the tabby's whole body on the dog
holdout2-andra-and-billy,17,tail_grounded_v1+holdout2,wrong_part,other,unusable,small mask on the ground in front of the cat's face (leaf / forepaw); the tail lies to the right
holdout2-andra-and-billy,18,tail_grounded_v1+holdout2,wrong_part,other,unusable,small mask on the ground in front of the cat's face (leaf / forepaw); the tail lies to the right
holdout2-andra-and-billy,19,tail_grounded_v1+holdout2,wrong_part,other,unusable,small mask on the ground in front of the cat's face (leaf / forepaw); the tail lies to the right
holdout2-andra-and-billy,20,tail_grounded_v1+holdout2,wrong_part,other,unusable,small mask on the ground in front of the cat's face (leaf / forepaw); the tail lies to the right
holdout2-andra-and-billy,21,tail_grounded_v1+holdout2,wrong_part,other,unusable,small mask on the ground in front of the cat's face (leaf / forepaw); the tail lies to the right
holdout2-andra-and-billy,22,tail_grounded_v1+holdout2,wrong_part,other,unusable,small mask on the ground in front of the cat's face (leaf / forepaw); the tail lies to the right
holdout2-andra-and-billy,35,tail_grounded_v1+holdout2,wrong_part,paw,unusable,mask on the forepaws of the walking cat
holdout2-andra-and-billy,36,tail_grounded_v1+holdout2,wrong_part,paw,unusable,mask on the forepaws of the walking cat
holdout2-andra-and-billy,37,tail_grounded_v1+holdout2,wrong_part,paw,unusable,mask on the forepaws of the walking cat
holdout2-andra-and-billy,38,tail_grounded_v1+holdout2,wrong_part,paw,unusable,mask on the forepaws of the walking cat
holdout2-andra-and-billy,39,tail_grounded_v1+holdout2,wrong_part,paw,unusable,mask on the forepaws of the walking cat
holdout2-koetjing-cito,0,tail_grounded_v1+holdout2,wrong_part,other,unusable,thin strip at the right edge of the face close-up (ear/frame edge)
holdout2-koetjing-cito,1,tail_grounded_v1+holdout2,wrong_part,other,unusable,thin strip at the right edge of the face close-up (ear/frame edge)
holdout2-koetjing-cito,2,tail_grounded_v1+holdout2,wrong_part,other,unusable,thin strip at the right edge of the face close-up (ear/frame edge)
holdout2-koetjing-cito,3,tail_grounded_v1+holdout2,wrong_part,other,unusable,thin strip at the right edge of the face close-up (ear/frame edge)
holdout2-koetjing-cito,34,tail_grounded_v1+holdout2,wrong_part,other,unusable,thin strip at the right edge of the face close-up (ear/frame edge)
holdout2-koetjing-cito,35,tail_grounded_v1+holdout2,wrong_part,other,unusable,thin strip at the right edge of the face close-up (ear/frame edge)
holdout2-koetjing-cito,36,tail_grounded_v1+holdout2,wrong_part,other,unusable,thin strip at the right edge of the face close-up (ear/frame edge)
holdout2-koetjing-cito,37,tail_grounded_v1+holdout2,wrong_part,other,unusable,thin strip at the right edge of the face close-up (ear/frame edge)
holdout2-koetjing-cito,38,tail_grounded_v1+holdout2,wrong_part,other,unusable,thin strip at the right edge of the face close-up (ear/frame edge)
holdout2-koetjing-cito,39,tail_grounded_v1+holdout2,wrong_part,other,unusable,thin strip at the right edge of the face close-up (ear/frame edge)
holdout2-katten-naar-buiten,0,tail_grounded_v3+holdout2,correct,,usable,"mask on the upright ginger tail; the blind reference box was placed 200-400 px too far right on the 4K frame (checked on overlays after the freeze, 2026-09-20)"
holdout2-katten-naar-buiten,1,tail_grounded_v3+holdout2,correct,,usable,"mask on the upright ginger tail; the blind reference box was placed 200-400 px too far right on the 4K frame (checked on overlays after the freeze, 2026-09-20)"
holdout2-katten-naar-buiten,8,tail_grounded_v3+holdout2,correct,,usable,"mask on the upright ginger tail; the blind reference box was placed 200-400 px too far right on the 4K frame (checked on overlays after the freeze, 2026-09-20)"
holdout2-katten-naar-buiten,9,tail_grounded_v3+holdout2,correct,,usable,"mask on the upright ginger tail; the blind reference box was placed 200-400 px too far right on the 4K frame (checked on overlays after the freeze, 2026-09-20)"
holdout2-katten-naar-buiten,10,tail_grounded_v3+holdout2,correct,,usable,"mask on the upright ginger tail; the blind reference box was placed 200-400 px too far right on the 4K frame (checked on overlays after the freeze, 2026-09-20)"
holdout2-katten-naar-buiten,11,tail_grounded_v3+holdout2,correct,,usable,"mask on the upright ginger tail; the blind reference box was placed 200-400 px too far right on the 4K frame (checked on overlays after the freeze, 2026-09-20)"
holdout2-katten-naar-buiten,12,tail_grounded_v3+holdout2,correct,,usable,"mask on the upright ginger tail; the blind reference box was placed 200-400 px too far right on the 4K frame (checked on overlays after the freeze, 2026-09-20)"
holdout2-katten-naar-buiten,13,tail_grounded_v3+holdout2,correct,,usable,"mask on the upright ginger tail; the blind reference box was placed 200-400 px too far right on the 4K frame (checked on overlays after the freeze, 2026-09-20)"
holdout2-katten-naar-buiten,14,tail_grounded_v3+holdout2,correct,,usable,"mask on the upright ginger tail; the blind reference box was placed 200-400 px too far right on the 4K frame (checked on overlays after the freeze, 2026-09-20)"
holdout2-katten-naar-buiten,15,tail_grounded_v3+holdout2,correct,,usable,"mask on the upright ginger tail; the blind reference box was placed 200-400 px too far right on the 4K frame (checked on overlays after the freeze, 2026-09-20)"
holdout2-katten-naar-buiten,16,tail_grounded_v3+holdout2,correct,,usable,"mask on the upright ginger tail; the blind reference box was placed 200-400 px too far right on the 4K frame (checked on overlays after the freeze, 2026-09-20)"
holdout2-katten-naar-buiten,17,tail_grounded_v3+holdout2,correct,,usable,"mask on the upright ginger tail; the blind reference box was placed 200-400 px too far right on the 4K frame (checked on overlays after the freeze, 2026-09-20)"
holdout2-katten-naar-buiten,18,tail_grounded_v3+holdout2,correct,,usable,"mask on the upright ginger tail; the blind reference box was placed 200-400 px too far right on the 4K frame (checked on overlays after the freeze, 2026-09-20)"
holdout2-katten-naar-buiten,19,tail_grounded_v3+holdout2,correct,,usable,"mask on the upright ginger tail; the blind reference box was placed 200-400 px too far right on the 4K frame (checked on overlays after the freeze, 2026-09-20)"
holdout2-katten-naar-buiten,20,tail_grounded_v3+holdout2,correct,,usable,"mask on the upright ginger tail; the blind reference box was placed 200-400 px too far right on the 4K frame (checked on overlays after the freeze, 2026-09-20)"
holdout2-katten-naar-buiten,21,tail_grounded_v3+holdout2,correct,,usable,"mask on the upright ginger tail; the blind reference box was placed 200-400 px too far right on the 4K frame (checked on overlays after the freeze, 2026-09-20)"
holdout2-katten-naar-buiten,22,tail_grounded_v3+holdout2,correct,,usable,"mask on the upright ginger tail; the blind reference box was placed 200-400 px too far right on the 4K frame (checked on overlays after the freeze, 2026-09-20)"
holdout2-katten-naar-buiten,23,tail_grounded_v3+holdout2,correct,,usable,"mask on the upright ginger tail; the blind reference box was placed 200-400 px too far right on the 4K frame (checked on overlays after the freeze, 2026-09-20)"
holdout2-katten-naar-buiten,24,tail_grounded_v3+holdout2,correct,,usable,"mask on the upright ginger tail; the blind reference box was placed 200-400 px too far right on the 4K frame (checked on overlays after the freeze, 2026-09-20)"
holdout2-katten-naar-buiten,34,tail_grounded_v3+holdout2,wrong_part,other,unusable,propagated mask lands on the person's face (cone-cat clip)
holdout2-katten-naar-buiten,35,tail_grounded_v3+holdout2,wrong_part,torso,unusable,mask covers the tabby's whole body on the dog
holdout2-katten-naar-buiten,36,tail_grounded_v3+holdout2,wrong_part,torso,unusable,mask covers the tabby's whole body on the dog
holdout2-katten-naar-buiten,37,tail_grounded_v3+holdout2,wrong_part,torso,unusable,mask covers the tabby's whole body on the dog
holdout2-katten-naar-buiten,38,tail_grounded_v3+holdout2,wrong_part,torso,unusable,mask covers the tabby's whole body on the dog
holdout2-katten-naar-buiten,39,tail_grounded_v3+holdout2,wrong_part,torso,unusable,mask covers the tabby's whole body on the dog
holdout2-andra-and-billy,17,tail_grounded_v3+holdout2,wrong_part,other,unusable,small mask on the ground in front of the cat's face (leaf / forepaw); the tail lies to the right
holdout2-andra-and-billy,18,tail_grounded_v3+holdout2,wrong_part,other,unusable,small mask on the ground in front of the cat's face (leaf / forepaw); the tail lies to the right
holdout2-andra-and-billy,19,tail_grounded_v3+holdout2,wrong_part,other,unusable,small mask on the ground in front of the cat's face (leaf / forepaw); the tail lies to the right
holdout2-andra-and-billy,20,tail_grounded_v3+holdout2,wrong_part,other,unusable,small mask on the ground in front of the cat's face (leaf / forepaw); the tail lies to the right
holdout2-andra-and-billy,21,tail_grounded_v3+holdout2,wrong_part,other,unusable,small mask on the ground in front of the cat's face (leaf / forepaw); the tail lies to the right
holdout2-andra-and-billy,22,tail_grounded_v3+holdout2,wrong_part,other,unusable,small mask on the ground in front of the cat's face (leaf / forepaw); the tail lies to the right
holdout2-andra-and-billy,24,tail_grounded_v3+holdout2,correct,,partial,propagated mask on the tail dropping to the right (blind box roughly there; auto-match failed)
holdout2-andra-and-billy,35,tail_grounded_v3+holdout2,wrong_part,paw,unusable,mask on the forepaws of the walking cat
holdout2-andra-and-billy,36,tail_grounded_v3+holdout2,wrong_part,paw,unusable,mask on the forepaws of the walking cat
holdout2-andra-and-billy,37,tail_grounded_v3+holdout2,wrong_part,paw,unusable,mask on the forepaws of the walking cat
holdout2-andra-and-billy,38,tail_grounded_v3+holdout2,wrong_part,paw,unusable,mask on the forepaws of the walking cat
holdout2-andra-and-billy,39,tail_grounded_v3+holdout2,wrong_part,paw,unusable,mask on the forepaws of the walking cat
holdout2-koetjing-cito,0,tail_grounded_v3+holdout2,wrong_part,other,unusable,thin strip at the right edge of the face close-up (ear/frame edge)
holdout2-koetjing-cito,1,tail_grounded_v3+holdout2,wrong_part,other,unusable,thin strip at the right edge of the face close-up (ear/frame edge)
holdout2-koetjing-cito,2,tail_grounded_v3+holdout2,wrong_part,other,unusable,thin strip at the right edge of the face close-up (ear/frame edge)
holdout2-koetjing-cito,3,tail_grounded_v3+holdout2,wrong_part,other,unusable,thin strip at the right edge of the face close-up (ear/frame edge)
holdout2-koetjing-cito,33,tail_grounded_v3+holdout2,wrong_part,other,unusable,thin strip at the right edge of the face close-up (ear/frame edge)
holdout2-koetjing-cito,34,tail_grounded_v3+holdout2,wrong_part,other,unusable,thin strip at the right edge of the face close-up (ear/frame edge)
holdout2-koetjing-cito,35,tail_grounded_v3+holdout2,wrong_part,other,unusable,thin strip at the right edge of the face close-up (ear/frame edge)
holdout2-koetjing-cito,36,tail_grounded_v3+holdout2,wrong_part,other,unusable,thin strip at the right edge of the face close-up (ear/frame edge)
holdout2-koetjing-cito,37,tail_grounded_v3+holdout2,wrong_part,other,unusable,thin strip at the right edge of the face close-up (ear/frame edge)
holdout2-koetjing-cito,38,tail_grounded_v3+holdout2,wrong_part,other,unusable,thin strip at the right edge of the face close-up (ear/frame edge)
holdout2-koetjing-cito,39,tail_grounded_v3+holdout2,wrong_part,other,unusable,thin strip at the right edge of the face close-up (ear/frame edge)
holdout2-katten-naar-buiten,0,tail_grounded_v3a+holdout2,correct,,usable,"mask on the upright ginger tail; the blind reference box was placed 200-400 px too far right on the 4K frame (checked on overlays after the freeze, 2026-09-20)"
holdout2-katten-naar-buiten,1,tail_grounded_v3a+holdout2,correct,,usable,"mask on the upright ginger tail; the blind reference box was placed 200-400 px too far right on the 4K frame (checked on overlays after the freeze, 2026-09-20)"
holdout2-katten-naar-buiten,8,tail_grounded_v3a+holdout2,correct,,usable,"mask on the upright ginger tail; the blind reference box was placed 200-400 px too far right on the 4K frame (checked on overlays after the freeze, 2026-09-20)"
holdout2-katten-naar-buiten,9,tail_grounded_v3a+holdout2,correct,,usable,"mask on the upright ginger tail; the blind reference box was placed 200-400 px too far right on the 4K frame (checked on overlays after the freeze, 2026-09-20)"
holdout2-katten-naar-buiten,10,tail_grounded_v3a+holdout2,correct,,usable,"mask on the upright ginger tail; the blind reference box was placed 200-400 px too far right on the 4K frame (checked on overlays after the freeze, 2026-09-20)"
holdout2-katten-naar-buiten,11,tail_grounded_v3a+holdout2,correct,,usable,"mask on the upright ginger tail; the blind reference box was placed 200-400 px too far right on the 4K frame (checked on overlays after the freeze, 2026-09-20)"
holdout2-katten-naar-buiten,12,tail_grounded_v3a+holdout2,correct,,usable,"mask on the upright ginger tail; the blind reference box was placed 200-400 px too far right on the 4K frame (checked on overlays after the freeze, 2026-09-20)"
holdout2-katten-naar-buiten,13,tail_grounded_v3a+holdout2,correct,,usable,"mask on the upright ginger tail; the blind reference box was placed 200-400 px too far right on the 4K frame (checked on overlays after the freeze, 2026-09-20)"
holdout2-katten-naar-buiten,14,tail_grounded_v3a+holdout2,correct,,usable,"mask on the upright ginger tail; the blind reference box was placed 200-400 px too far right on the 4K frame (checked on overlays after the freeze, 2026-09-20)"
holdout2-katten-naar-buiten,15,tail_grounded_v3a+holdout2,correct,,usable,"mask on the upright ginger tail; the blind reference box was placed 200-400 px too far right on the 4K frame (checked on overlays after the freeze, 2026-09-20)"
holdout2-katten-naar-buiten,16,tail_grounded_v3a+holdout2,correct,,usable,"mask on the upright ginger tail; the blind reference box was placed 200-400 px too far right on the 4K frame (checked on overlays after the freeze, 2026-09-20)"
holdout2-katten-naar-buiten,17,tail_grounded_v3a+holdout2,correct,,usable,"mask on the upright ginger tail; the blind reference box was placed 200-400 px too far right on the 4K frame (checked on overlays after the freeze, 2026-09-20)"
holdout2-katten-naar-buiten,18,tail_grounded_v3a+holdout2,correct,,usable,"mask on the upright ginger tail; the blind reference box was placed 200-400 px too far right on the 4K frame (checked on overlays after the freeze, 2026-09-20)"
holdout2-katten-naar-buiten,19,tail_grounded_v3a+holdout2,correct,,usable,"mask on the upright ginger tail; the blind reference box was placed 200-400 px too far right on the 4K frame (checked on overlays after the freeze, 2026-09-20)"
holdout2-katten-naar-buiten,20,tail_grounded_v3a+holdout2,correct,,usable,"mask on the upright ginger tail; the blind reference box was placed 200-400 px too far right on the 4K frame (checked on overlays after the freeze, 2026-09-20)"
holdout2-katten-naar-buiten,21,tail_grounded_v3a+holdout2,correct,,usable,"mask on the upright ginger tail; the blind reference box was placed 200-400 px too far right on the 4K frame (checked on overlays after the freeze, 2026-09-20)"
holdout2-katten-naar-buiten,22,tail_grounded_v3a+holdout2,correct,,usable,"mask on the upright ginger tail; the blind reference box was placed 200-400 px too far right on the 4K frame (checked on overlays after the freeze, 2026-09-20)"
holdout2-katten-naar-buiten,23,tail_grounded_v3a+holdout2,correct,,usable,"mask on the upright ginger tail; the blind reference box was placed 200-400 px too far right on the 4K frame (checked on overlays after the freeze, 2026-09-20)"
holdout2-katten-naar-buiten,24,tail_grounded_v3a+holdout2,correct,,usable,"mask on the upright ginger tail; the blind reference box was placed 200-400 px too far right on the 4K frame (checked on overlays after the freeze, 2026-09-20)"
holdout2-katten-naar-buiten,34,tail_grounded_v3a+holdout2,wrong_part,other,unusable,propagated mask lands on the person's face (cone-cat clip)
holdout2-katten-naar-buiten,35,tail_grounded_v3a+holdout2,wrong_part,torso,unusable,mask covers the tabby's whole body on the dog
holdout2-katten-naar-buiten,36,tail_grounded_v3a+holdout2,wrong_part,torso,unusable,mask covers the tabby's whole body on the dog
holdout2-katten-naar-buiten,37,tail_grounded_v3a+holdout2,wrong_part,torso,unusable,mask covers the tabby's whole body on the dog
holdout2-katten-naar-buiten,38,tail_grounded_v3a+holdout2,wrong_part,torso,unusable,mask covers the tabby's whole body on the dog
holdout2-katten-naar-buiten,39,tail_grounded_v3a+holdout2,wrong_part,torso,unusable,mask covers the tabby's whole body on the dog
holdout2-andra-and-billy,17,tail_grounded_v3a+holdout2,wrong_part,other,unusable,small mask on the ground in front of the cat's face (leaf / forepaw); the tail lies to the right
holdout2-andra-and-billy,18,tail_grounded_v3a+holdout2,wrong_part,other,unusable,small mask on the ground in front of the cat's face (leaf / forepaw); the tail lies to the right
holdout2-andra-and-billy,19,tail_grounded_v3a+holdout2,wrong_part,other,unusable,small mask on the ground in front of the cat's face (leaf / forepaw); the tail lies to the right
holdout2-andra-and-billy,20,tail_grounded_v3a+holdout2,wrong_part,other,unusable,small mask on the ground in front of the cat's face (leaf / forepaw); the tail lies to the right
holdout2-andra-and-billy,21,tail_grounded_v3a+holdout2,wrong_part,other,unusable,small mask on the ground in front of the cat's face (leaf / forepaw); the tail lies to the right
holdout2-andra-and-billy,22,tail_grounded_v3a+holdout2,wrong_part,other,unusable,small mask on the ground in front of the cat's face (leaf / forepaw); the tail lies to the right
holdout2-andra-and-billy,24,tail_grounded_v3a+holdout2,correct,,partial,propagated mask on the tail dropping to the right (blind box roughly there; auto-match failed)
holdout2-andra-and-billy,35,tail_grounded_v3a+holdout2,wrong_part,paw,unusable,mask on the forepaws of the walking cat
holdout2-andra-and-billy,36,tail_grounded_v3a+holdout2,wrong_part,paw,unusable,mask on the forepaws of the walking cat
holdout2-andra-and-billy,37,tail_grounded_v3a+holdout2,wrong_part,paw,unusable,mask on the forepaws of the walking cat
holdout2-andra-and-billy,38,tail_grounded_v3a+holdout2,wrong_part,paw,unusable,mask on the forepaws of the walking cat
holdout2-andra-and-billy,39,tail_grounded_v3a+holdout2,wrong_part,paw,unusable,mask on the forepaws of the walking cat
holdout2-koetjing-cito,0,tail_grounded_v3a+holdout2,wrong_part,other,unusable,thin strip at the right edge of the face close-up (ear/frame edge)
holdout2-koetjing-cito,1,tail_grounded_v3a+holdout2,wrong_part,other,unusable,thin strip at the right edge of the face close-up (ear/frame edge)
holdout2-koetjing-cito,2,tail_grounded_v3a+holdout2,wrong_part,other,unusable,thin strip at the right edge of the face close-up (ear/frame edge)
holdout2-koetjing-cito,3,tail_grounded_v3a+holdout2,wrong_part,other,unusable,thin strip at the right edge of the face close-up (ear/frame edge)
holdout2-koetjing-cito,33,tail_grounded_v3a+holdout2,wrong_part,other,unusable,thin strip at the right edge of the face close-up (ear/frame edge)
holdout2-koetjing-cito,34,tail_grounded_v3a+holdout2,wrong_part,other,unusable,thin strip at the right edge of the face close-up (ear/frame edge)
holdout2-koetjing-cito,35,tail_grounded_v3a+holdout2,wrong_part,other,unusable,thin strip at the right edge of the face close-up (ear/frame edge)
holdout2-koetjing-cito,36,tail_grounded_v3a+holdout2,wrong_part,other,unusable,thin strip at the right edge of the face close-up (ear/frame edge)
holdout2-koetjing-cito,37,tail_grounded_v3a+holdout2,wrong_part,other,unusable,thin strip at the right edge of the face close-up (ear/frame edge)
holdout2-koetjing-cito,38,tail_grounded_v3a+holdout2,wrong_part,other,unusable,thin strip at the right edge of the face close-up (ear/frame edge)
holdout2-koetjing-cito,39,tail_grounded_v3a+holdout2,wrong_part,other,unusable,thin strip at the right edge of the face close-up (ear/frame edge)
commons-black-cat-walking,36,tail_grounded_v3,correct,,usable,reach-1 propagated mask fills the close-up tail (checked on the overlay; no reference box exists for this frame)
commons-black-cat-walking,36,tail_grounded_v3a,correct,,usable,as tail_grounded_v3
commons-black-cat-walking,36,tail_grounded_v2,correct,,usable,as tail_grounded_v3
commons-cat-jumping-backwards,15,tail_grounded_v3,correct,,partial,intersection mask is a small blob at the tabby's tail base (pass 6 check; no reference box exists)
commons-cat-jumping-backwards,15,tail_grounded_v3a,correct,,partial,as tail_grounded_v3
commons-cat-jumping-backwards,15,v2b_intersection,correct,,partial,as tail_grounded_v3
holdout2-katze-katzengras,0,tail_grounded_v1+holdout2,correct,,usable,curve lies on the curled tail; the blind reference box ends ~80 px short on the right (checked on the overlay after the freeze)
holdout2-katze-katzengras,1,tail_grounded_v1+holdout2,correct,,usable,curve lies on the curled tail; the blind reference box ends ~80 px short on the right (checked on the overlay after the freeze)
holdout2-katze-katzengras,2,tail_grounded_v1+holdout2,correct,,usable,curve lies on the curled tail; the blind reference box ends ~80 px short on the right (checked on the overlay after the freeze)
holdout2-katze-katzengras,3,tail_grounded_v1+holdout2,correct,,usable,curve lies on the curled tail; the blind reference box ends ~80 px short on the right (checked on the overlay after the freeze)
holdout2-katze-katzengras,0,tail_grounded_v3+holdout2,correct,,usable,curve lies on the curled tail; the blind reference box ends ~80 px short on the right (checked on the overlay after the freeze)
holdout2-katze-katzengras,1,tail_grounded_v3+holdout2,correct,,usable,curve lies on the curled tail; the blind reference box ends ~80 px short on the right (checked on the overlay after the freeze)
holdout2-katze-katzengras,2,tail_grounded_v3+holdout2,correct,,usable,curve lies on the curled tail; the blind reference box ends ~80 px short on the right (checked on the overlay after the freeze)
holdout2-katze-katzengras,3,tail_grounded_v3+holdout2,correct,,usable,curve lies on the curled tail; the blind reference box ends ~80 px short on the right (checked on the overlay after the freeze)
holdout2-katze-katzengras,0,tail_grounded_v3a+holdout2,correct,,usable,curve lies on the curled tail; the blind reference box ends ~80 px short on the right (checked on the overlay after the freeze)
holdout2-katze-katzengras,1,tail_grounded_v3a+holdout2,correct,,usable,curve lies on the curled tail; the blind reference box ends ~80 px short on the right (checked on the overlay after the freeze)
holdout2-katze-katzengras,2,tail_grounded_v3a+holdout2,correct,,usable,curve lies on the curled tail; the blind reference box ends ~80 px short on the right (checked on the overlay after the freeze)
holdout2-katze-katzengras,3,tail_grounded_v3a+holdout2,correct,,usable,curve lies on the curled tail; the blind reference box ends ~80 px short on the right (checked on the overlay after the freeze)
holdout2-katze-katzengras,4,tail_grounded_v3a+holdout2,correct,,usable,consensus curve on the curled tail, extends ~80 px past the blind reference box on the right (as f000-f003)
holdout2-katze-katzengras,5,tail_grounded_v3a+holdout2,correct,,usable,consensus curve on the curled tail, extends ~80 px past the blind reference box on the right (as f000-f003)
